,업소아이디,업소명,메뉴,가격,위도,경도,행정구,행정동,별점,식당아이디
140,8508,장독묵은지,감치찌개,6000,37.48868793,127.0668453,강남구,개포동,4.38,18419672
183,8524,다복콩비지,오리로스(400g 반마리),23000,37.47709916,127.0492122,강남구,개포동,-,-
234,8507,우리생고기,청국장,6000,37.48889849,127.0685805,강남구,개포동,4.24,36004730
258,8518,노숙자아구샤브샤브,해물된장비빔밥,6000,37.47808654,127.0482133,강남구,개포동,-,-
262,8515,누이야식당,순두부,6000,37.47265319,127.0513972,강남구,개포동,4.29,13358439
276,8516,동대문곱창전문,오늘의메뉴,5000,37.47400394,127.0498194,강남구,개포동,-,1867169591
287,8514,바지락칼국수,된장찌개,6000,37.47889649,127.0456391,강남구,개포동,4.58,20877928
299,9002,처갓집,북어국,6000,37.4723696,127.0517062,강남구,개포동,4.26,37065452
327,9005,수타손짜장,짜장+짬뽕+탕수육set,10000,37.49265817,127.0755849,강남구,개포동,4.42,1750362890
339,8512,숙아채 콩나물국밥(개포),콩나물국밥,5000,37.47775738,127.0478334,강남구,개포동,-,-
351,9055,나드리식당,오늘의백반,6000,37.48327055,127.0623592,강남구,개포동,-,-
372,9234,노다지,삽겹살(180g),14000,37.47862998,127.0496316,강남구,개포동,-,1259551793
377,9358,대청김밥,칼국수,5000,37.49413139,127.0787831,강남구,개포동,4.12,1670518861
459,9228,소담,순대국,7000,37.49265817,127.0755849,강남구,개포동,4.59,1816161265
475,9380,미도한우마을,새싹비빔밥 ,6000,37.48868793,127.0668453,강남구,개포동,-,-
499,9236,서희네,생오겹살(200g),15000,37.47660781,127.0497151,강남구,개포동,4.19,1849117994
514,9385,맛찬,순두부 ,7000,37.49265817,127.0755849,강남구,개포동,4.46,1558499234
537,9251,양평해장국,순대해장국,7000,37.47524769,127.0487627,강남구,개포동,4,676896775
557,9250,김밥여행,제육덮밥,7000,37.47427572,127.0534426,강남구,개포동,4.08,18802298
588,9054,강남본돼지갈비,참숯불돼지갈비(300g),15000,37.47733721,127.0490041,강남구,개포동,-,-
117,8414,지리산,돌솥오징어,7000,37.51658323,127.0372078,강남구,논현동,4.19,36004008
123,8410,영동원삼겹살,생오겹살(150g),7900,37.50867738,127.023051,강남구,논현동,4.39,18509106
172,8415,청계산갈비살,돼지갈비(250g),15000,37.51676351,127.0378128,강남구,논현동,4.21,18509142
196,8413,항아리 숯불갈비,왕돼지갈비(300g),13000,37.5168427,127.0364969,강남구,논현동,-,-
216,8399,바보네집,부대찌개,7000,37.51083869,127.0333165,강남구,논현동,-,-
223,8403,청송숯불화로구이,돼지갈비(300g),20000,37.51024939,127.0390466,강남구,논현동,4.48,18842432
370,9360,돈먹고돈내고,이베리코(200g),12000,37.50993138,127.0380661,강남구,논현동,4.33,1562699288
385,9357,남도맛집,청국장,6000,37.50867799,127.0345765,강남구,논현동,-,1954163238
505,9359,비바비보 앤 호프,까르보나라,6900,37.51614779,127.0302255,강남구,논현동,-,-
107,8459,오복냉면,돼지왕갈비(250g),10900,37.50185209,127.0521767,강남구,대치동,-,-
122,8453,제일식당,비빔밥,5000,37.49349436,127.059773,강남구,대치동,-,36003991
126,8460,두꺼비,소고기김치찌개,5000,37.5014665,127.0530851,강남구,대치동,4.41,13149894
129,8478,육판장,국수,5000,37.4938814,127.0629519,강남구,대치동,4.11,19993872
145,8469,미러칼국수,손칼국수,7000,37.49961577,127.0659154,강남구,대치동,4.32,33879310
149,8451,청실식당,김치찌개,6000,37.4931667,127.0591649,강남구,대치동,4.04,36003989
158,8462,해피타임,된장찌개,6000,37.50163638,127.0561198,강남구,대치동,4.55,36004000
164,8458,보리수,된장지개,5000,37.50557677,127.0597434,강남구,대치동,4.54,18466450
168,8467,대치동영지,비빔밥,7000,37.49961577,127.0659154,강남구,대치동,4.31,36003998
213,8461,왕가네왕만두,고기왕만두,4500,37.50099428,127.0528847,강남구,대치동,4.3,18577688
224,8452,한보식당,김치찌개,5000,37.49349436,127.059773,강남구,대치동,4.33,36003990
237,8477,사천옥,가정식백반,6500,37.50326221,127.0510214,강남구,대치동,4.32,18576428
254,8455,여신김밥,김치돌솥밥,7000,37.50549687,127.0548851,강남구,대치동,3.87,20851041
329,8963,강남김밥,우동,5500,37.49844,127.0585569,강남구,대치동,3.8,1514591801
363,9383,부부식당,김치찌개,4000,37.5020724,127.0588155,강남구,대치동,-,-
367,9185,더스푼,한식뷔페,6000,37.50366973,127.0598721,강남구,대치동,-,-
378,9182,예자네밥상,반도리탕,9000,37.50779999,127.0669973,강남구,대치동,4.55,37997070
383,9396,요기루,차돌짬뽕,7000,37.4931667,127.0591649,강남구,대치동,4.23,1700422699
446,9355,순대국밥,부산돼지머리국밥,6000,37.49918128,127.0629879,강남구,대치동,4.5,13149768
556,9248,행운식당,생선구이,7000,37.49903314,127.0518992,강남구,대치동,3.33,18476076
580,9395,고기마을,소갈비살(180g),13000,37.4931667,127.0591649,강남구,대치동,4.5,18466388
356,9017,도곡한우소머리국밥,콩나물국밥,5000,37.49138725,127.0383251,강남구,도곡동,4.45,31663241
357,9377,선우동가게, 짜장면 ,4000,37.48571498,127.0368072,강남구,도곡동,-,-
391,9376,남원종가집추어탕,추어탕,8000,37.48665021,127.0338436,강남구,도곡동,-,-
422,9016,만금성,자장면,6000,37.48645375,127.0503989,강남구,도곡동,4.36,1037182283
450,9382,365일기분좋은날잔치날,김치찌개,7000,37.48899205,127.0340829,강남구,도곡동,4.22,13438431
480,9384,신토불이 정육식당,한우살치살(200g),45000,37.48532224,127.0373584,강남구,도곡동,4.12,37592394
512,9184,황가솥뚜껑삼겹살,제육볶음,7000,37.48444728,127.044596,강남구,도곡동,4.37,20912237
523,9249,원할매이모네닭한마리,뚝배기닭볶음탕(1인),7000,37.48941135,127.0335312,강남구,도곡동,4.34,38325046
539,9227,석화촌,불고기덥밥,6500,37.48525961,127.0344297,강남구,도곡동,4.06,1461511600
89,8435,삼성돈구이,낙지돌솥밥,7000,37.51439577,127.0641123,강남구,삼성동,4.42,38571626
157,8449,향나무집,동태탕,8000,37.51576074,127.0651908,강남구,삼성동,4.18,36004430
162,8446,시골청국장,청국장,7000,37.51871507,127.0510181,강남구,삼성동,4.53,18564650
286,8995,전주비빔밥,전주비빔밥,7500,37.51283208,127.0572509,강남구,삼성동,4.36,38277174
317,8842,트윈쿡,된장찌개,7000,37.51182391,127.059159,강남구,삼성동,4.09,36004161
325,8994,가득드림,매장식사,8000,37.51182391,127.059159,강남구,삼성동,4.39,35051091
421,9018,밀가칼국수,칼국수,7000,37.51416498,127.0638512,강남구,삼성동,-,-
177,8532,찌개와,김치찌개,6000,37.48731916,127.1031081,강남구,수서동,-,1063639812
366,9356,지리산 생고기,차돌박이(150g),9900,37.48802449,127.1018445,강남구,수서동,-,-
427,9253,손칼국수&손만두,얼큰이칼국수,6000,37.48788218,127.1057797,강남구,수서동,4.43,1603157003
481,9381,팔팔한상,제육쌈(흑돼지150g),8000,37.48802449,127.1018445,강남구,수서동,4.19,1537995339
540,9229,오가네밥상,오늘의메뉴,6000,37.48731916,127.1031081,강남구,수서동,4.5,1055203174
547,9398,행복한 잔치국수,비빔국수,5500,37.48400435,127.0942714,강남구,수서동,4.48,37841717
567,9230,풍경한식,된장찌개,7000,37.48790865,127.0981863,강남구,수서동,4,1442537851
576,9252,만아정육점식당,돼지모듬(180g),10000,37.48788218,127.1057797,강남구,수서동,4.45,1249890871
246,8998,양철집,누룽지정식,7000,37.52275026,127.0318786,강남구,신사동,4.13,11718455
371,9386,알리파스타,통새우볶음밥,6000,37.5196425,127.0257097,강남구,신사동,4.46,1131372520
392,9050,가로수길칼국수,바지락칼국수,7000,37.51876726,127.0206916,강남구,신사동,4.36,21727731
417,9124,누이네,청국장,6000,37.51876726,127.0206916,강남구,신사동,-,-
457,9387,양구식당,닭곰탕국밥,8000,37.5199202,127.0260684,강남구,신사동,4.6,37069188
465,9233,하하,하하우동,5000,37.51997955,127.026145,강남구,신사동,4.31,18487094
558,9256,월드맛집,수제돈까스,7000,37.5199202,127.0260684,강남구,신사동,4.33,32260222
668,9579,알리파스타,클래식,5500,37.5196425,127.0257097,강남구,신사동,4.46,1131372520
150,8485,바우골화로구이,생삼겹살(180g),14000,37.4994031,127.0297084,강남구,역삼동,4.21,12986974
179,8599,중화요리일품,볶음밥,5500,37.50323774,127.0465818,강남구,역삼동,4.46,31730244
190,8484,고등어식당,묵은지고등어조림,7500,37.49754613,127.0310934,강남구,역삼동,4.33,20897124
228,8483,수미정,순두부찌개,6500,37.49754613,127.0310934,강남구,역삼동,4.26,1907041649
256,9000,윤화돈까스기사식당,생선까스,8000,37.49338496,127.0430425,강남구,역삼동,4.37,13100219
264,8601,돈까스리,가쓰오우동,5500,37.50323774,127.0465818,강남구,역삼동,4.43,35272033
292,9009,이모네분식,쫄면,6500,37.49272349,127.0387187,강남구,역삼동,4.45,1076113973
300,8996,커피알,카페라떼,2000,37.50323774,127.0465818,강남구,역삼동,-,13541875
302,8964,숙아채콩나물국밥역삼1호점,콩나물국밥,5000,37.49222937,127.0340829,강남구,역삼동,-,-
364,9179,예향,짜장면,5000,37.4942764,127.0330313,강남구,역삼동,4.45,1174818416
368,9224,신의주찹쌀순대감자탕,순대국,7000,37.50292148,127.0377516,강남구,역삼동,4.46,12850492
387,9350,멀티분식,-,-,37.4979493,127.0317354,강남구,역삼동,-,-
396,9245,국민우동집,콩나물국밥,5500,37.49601505,127.0304104,강남구,역삼동,4.27,860263425
418,9347,밥리버거 앤 치킨호프,제육덮밥 ,6000,37.49918512,127.0439503,강남구,역삼동,-,-
419,9346,대풍참숯갈비,와규갈비살(150g),18000,37.49683944,127.0396159,강남구,역삼동,4.13,20835411
452,9222,강남제비,손수제비,5000,37.501631,127.0356518,강남구,역삼동,4.48,13389516
461,9378,이모네손칼국수,닭칼국수,6000,37.49634648,127.0445021,강남구,역삼동,4.79,1192032068
496,9178,역삼정,고추장불고기,7000,37.49726406,127.0374989,강남구,역삼동,4.43,20827758
497,9132,고향한식부페,한식부페,5500,37.49580267,127.0411646,강남구,역삼동,4.19,13149674
502,9351,엄마손김밥,김치볶음밥  ,5500,37.49589179,127.0464763,강남구,역삼동,4.04,1264394150
504,9131,대영식당,순두부찌개,5000,37.49074947,127.0340431,강남구,역삼동,-,18784219
506,9240,행복한밥상,행복한밥상,7000,37.50285156,127.0447509,강남구,역삼동,3.93,1070175175
509,9349,임가네민속집,손칼국수,6000,37.49756856,127.0376245,강남구,역삼동,4.26,38276826
513,9352,육천중국요리, 볶음밥 ,6000,37.49862889,127.0428243,강남구,역삼동,4.19,18589971
526,9348,사랑의 도시락,한식뷔페,6000,37.50053399,127.0316607,강남구,역삼동,4.27,1895441129
563,9128,만두랑,칼만두국,6000,37.49710226,127.0374386,강남구,역삼동,4.41,37997430
575,9400,명동만두,얼큰탕,6500,37.49443888,127.0341574,강남구,역삼동,4.38,1364396777
584,9052,영동우동,잔치국수,4500,37.49257103,127.0343813,강남구,역삼동,4.32,429895360
598,9572,황태사랑,제육정식,7000,37.50323774,127.0465818,강남구,역삼동,4.29,1228606411
617,9525,대풍참숯갈비,돼지왕갈비(200g),15000,37.49683944,127.0396159,강남구,역삼동,4.13,20835411
685,9524,시골밥상,수제떡갈비정식,6000,37.50381211,127.0452471,강남구,역삼동,4.28,1940264792
710,9571,삼탱이시래기밥,시래기밥정식,8000,37.50323774,127.0465818,강남구,역삼동,4.67,1359699651
386,9397,오감만족,김치볶음밥,6000,37.4713332,127.1056449,강남구,율현동,-,1937561519
289,9004,한우정육점식당,한우된장찌개,7000,37.49132514,127.0826982,강남구,일원동,-,-
464,9379,누렁국수,우국수 ,5500,37.49490821,127.0840571,강남구,일원동,4.47,1490220108
466,9254,한벽루 전주콩나물국밥,콩나물국밥,6500,37.49477999,127.0836899,강남구,일원동,4.31,1247598293
515,9354,서평기사식당,닭곰탕,7000,37.49471903,127.0834988,강남구,일원동,4.36,20642561
525,9255,맛있는돈까스,카레밥,6000,37.49435095,127.0823803,강남구,일원동,4.51,37378896
562,9231,시골애 청국장,뚝배기불고기,7000,37.49435095,127.0823803,강남구,일원동,4.34,1027734936
139,8417,해남식당,청국장,7000,37.5224448,127.0576204,강남구,청담동,4.35,36004007
184,8419,청숫골보리밥쌈밥,청국장,8000,37.51934248,127.050302,강남구,청담동,-,-
731,9279,가정식당,된장찌개,7000,37.51999206,127.0488903,강남구,청담동,4.13,20874132
214,8393,모아분식,모아김밥,3500,37.5353921,127.1444867,강동구,길동,4.38,1088665525
336,8955,토속칼국수,콩국수,5500,37.53809225,127.1395121,강동구,길동,4.43,1572143209
586,9281,다인,뚝배기청국장,6000,37.55217418,127.1435348,강동구,명일동,4.54,13157870
26,7833,별미 바지락칼국수,칼국수,6000,37.53058027,127.1296127,강동구,성내동,-,-
27,7832,뚝배기,김치찌개,4500,37.53018558,127.1367675,강동구,성내동,3,944494960
268,8852,명가손칼국수,물냉면,4000,37.52765123,127.133075,강동구,성내동,-,-
346,9465,명동찌개마을,양푼돼지고기김치찌개2인분,17000,37.52736623,127.1249204,강동구,성내동,4.38,18624070
596,9594,서울진우동덮밥,-,-,37.5304783,127.122145,강동구,성내동,4.47,31186331
707,9593,미소분식,아침국밥,3000,37.53088253,127.1232394,강동구,성내동,-,18910413
49,8697,학생회관분식,물냉면,4500,37.5505255,127.1434647,강동구,천호동,4.28,36004162
98,8553,콩아리(전주콩나물국밥),콩나물국밥,5000,37.61154637,127.0344652,강북구,미아동,4.44,1001001981
208,8550,만미정 식당,김치찌개,5000,37.62993042,127.0228407,강북구,미아동,-,36004012
311,8734,박가네생고기전문점,된장찌개,5000,37.63192588,127.0248436,강북구,미아동,4.21,13119320
581,9027,수유시골집,제육볶음,6000,37.63712773,127.0251913,강북구,번동,3.91,1379299836
732,9069,두부마을,불고기정식,11000,37.63231038,127.035259,강북구,번동,4.35,34353503
39,1145,원조막국수,냉면,5000,37.64672082,127.0218646,강북구,수유동,3.99,36003825
121,8730,토종집,삼겹살,10000,37.6271489,127.0107277,강북구,수유동,4.37,12844300
198,8732,지우정,돼지한마리(200g),7000,37.64082731,127.0186592,강북구,수유동,-,1214860534
316,8836,백곰집,한우해장국,6000,37.66206263,127.0129016,강북구,우이동,4.49,31222782
21,5713,김밥나라,돈가스,5500,37.56104156,126.860025,강서구,가양동,4.23,36004204
151,8104,대승식당,김치찌개,5500,37.56683583,126.8430863,강서구,가양동,-,-
97,8109,시골칼국수,칼국수,3500,37.55624077,126.8132605,강서구,공항동,4.55,18368759
100,8616,메밀이랑 면이랑,짬뽕,6000,37.54925761,126.8352441,강서구,내발산동,4.5,20815439
4,3986,왕세숫대야냉면(행복을파는집),돈가스,4000,37.55556748,126.8543717,강서구,등촌동,4.44,36004335
22,7299,백미식당,된장찌개,5000,37.55175699,126.8652265,강서구,등촌동,-,-
25,6759,부부칼국수,냉면,6000,37.56170219,126.8400994,강서구,등촌동,4.34,13152434
498,9261,문가네식당,김치찌개,6000,37.557996,126.8489031,강서구,등촌동,4.4,1719645492
564,9020,중화요리 명가,탕수육,13000,37.55844423,126.8470036,강서구,등촌동,-,-
681,9519,머리못하는 집,커트,7000,37.56670772,126.8185712,강서구,마곡동,-,-
215,8615,송주불냉면,냉면,4000,37.56507473,126.8114806,강서구,방화동,4.43,20741319
40,4955,김밥천국,돈가스,5500,37.53442541,126.8382672,강서구,화곡동,4.07,37687259
320,8903,옛날칼국수,보리비빔밥,4500,37.53310433,126.8464804,강서구,화곡동,4.01,1133209036
322,8860,함흥냉면 명가,비빔냉면,3500,37.54919555,126.8490752,강서구,화곡동,4.27,36004336
381,9374,우리식당,삼계탕,10000,37.5285588,126.8400359,강서구,화곡동,4.35,1304103471
618,9516,먹깨비 김밥,야채김밥,2000,37.53135766,126.8466955,강서구,화곡동,4.32,1012261354
0,1739,목우촌부추삼겹살,생목살,12000,37.47533958,126.9810899,관악구,남현동,4.36,21025096
207,8191,제주토종흑돼지,제주흑돼지(180g) 오겹살,13000,37.47516875,126.9811246,관악구,남현동,4.52,12829717
1,4325,청진동해장국,불고기,5500,37.47462961,126.9525993,관악구,봉천동,-,-
44,8188,수제비손칼국수,칼국수,5000,37.4744541,126.9666007,관악구,봉천동,4.28,32875906
75,8134,만나칼국수,칼국수,6000,37.4905216,126.9263836,관악구,봉천동,4.51,11720015
181,8177,만리향,짬뽕,6000,37.48664194,126.9553465,관악구,봉천동,4.53,18703422
200,8180,중앙삼겹시대,된장찌개,7000,37.48402414,126.9539051,관악구,봉천동,4.29,1288558613
238,8137,송림정,백반,7000,37.48602819,126.9392268,관악구,봉천동,4.65,20349400
239,8178,유창숯불갈비,김치찌개,6000,37.48726,126.948211,관악구,봉천동,4.29,18704580
265,8865,원조정가네매운갈비찜,매운갈비찜,12000,37.48114624,126.9488978,관악구,봉천동,4.42,1036577547
290,8866,김밥분식,라면,2000,37.48502064,126.9567356,관악구,봉천동,4.54,37778826
297,8825,어메칼국수,바지락칼국수,6000,37.47884165,126.9528401,관악구,봉천동,4.57,13159146
403,9432,즉석우동짜장,짜장면,4000,37.48208252,126.9417972,관악구,봉천동,4.36,1915911484
409,9166,우리가참순대,순대국,5000,37.47845709,126.9525843,관악구,봉천동,4.53,37069580
430,9202,투가리(서울밥집 낙성대역점),비빔밥,4900,37.47645052,126.9637058,관악구,봉천동,-,-
445,9205,시민식당,순두부찌개,5500,37.4798287,126.9575645,관악구,봉천동,4.28,34006967
507,9276,이모네식당,청국장,6000,37.47735726,126.9615987,관악구,봉천동,3.99,1669517806
582,9388,서울밥집 봉천점,냉면,4900,37.4817581,126.9425903,관악구,봉천동,4.48,1483294034
585,9206,옥천골,돌솥추어탕,8000,37.47972494,126.9483844,관악구,봉천동,4.18,18694786
599,9608,바른꽈배기,핫도그,1300,37.48677723,126.9453771,관악구,봉천동,4.44,1708553853
716,9433,맛조탕,청국장,5000,37.48688919,126.9485098,관악구,봉천동,4.73,1105168073
3,6764,토방 닭 한마리,닭한마리(1인분),12000,37.47164663,126.9353063,관악구,신림동,4.52,20829543
43,8210,다사랑분식,김밥,2000,37.4745872,126.9187257,관악구,신림동,4.5,1731458229
48,7428,신왕짜장,자장면,4000,37.46495151,126.9191076,관악구,신림동,-,-
69,8217,초밥아저씨,모듬초밥(10p),5000,37.48157679,126.9280632,관악구,신림동,4.47,19754004
113,8678,국수회관,칼국수,6000,37.4792616,126.9310023,관악구,신림동,4.45,33358979
147,8209,다정이모네,청국장,6000,37.47965092,126.9278179,관악구,신림동,-,-
191,8213,다리목,된장찌개,5000,37.48214701,126.9310355,관악구,신림동,4.49,20848872
306,8821,고시칼국수,칼국수,4000,37.47243683,126.934353,관악구,신림동,4.38,37925738
340,9013,착한우동짜장,짜장면,3500,37.47777152,126.9327421,관악구,신림동,-,-
359,9203,착한생칼국수,꽁보리밥정식,4800,37.48346152,126.9260231,관악구,신림동,3.37,36998476
369,9207,보글보글 지글지글,삼겹살,9000,37.47683169,126.9168997,관악구,신림동,-,-
447,9389,버거랩,수제치즈버거,3600,37.47125651,126.9380321,관악구,신림동,4.47,1221855065
448,9278,서울밥집,제육볶음,5900,37.48319425,126.9275708,관악구,신림동,-,1566032438
482,9390,추억의 통치킨,치킨,9000,37.47020059,126.9218774,관악구,신림동,-,1009441757
486,9373,추억순대국전문점,뼈해장국,7000,37.47306109,126.9342573,관악구,신림동,-,1217116492
573,9064,포천이동갈비촌,함흥냉면,5000,37.4816295,126.9293978,관악구,신림동,-,-
592,9277,신림국수,바지락칼국수,5000,37.48485532,126.926926,관악구,신림동,4.25,1875173711
600,9609,엄마가,김치볶음밥,5500,37.47958326,126.9314709,관악구,신림동,4.79,1464889020
634,9430,어느멋진날,아메리카노,2500,37.4674698,126.9388393,관악구,신림동,4.72,737588884
636,9574,고시칼국수,칼국수,5000,37.47243683,126.934353,관악구,신림동,4.38,37925738
659,9434,카페해밀,1L 카페라떼,5500,37.47429449,126.9199586,관악구,신림동,-,1868490617
671,9463,수자타착한식당,비빔밥,5000,37.48268909,126.9108744,관악구,신림동,-,1356424922
675,9490,굿띵커피,아메리카노,2500,37.48201843,126.9053873,관악구,신림동,4.14,1462085376
699,9573,마마떼,카페라떼,3500,37.46920828,126.9357301,관악구,신림동,4.58,1596178202
709,9435,가름커피,에스프레소,1300,37.47048117,126.9344768,관악구,신림동,4.58,1251485014
714,9429,풍년집본가,돼지갈비(300g),15000,37.47493248,126.9170714,관악구,신림동,4.27,18723812
715,9431,네이밍카페커피GO!#1,카라멜마끼아또,4400,37.48231605,126.9142558,관악구,신림동,4.48,1359237619
12,6384,자매식당,냉면,5000,37.53927948,127.0895514,광진구,구의동,4.59,1492791228
114,8043,영화속의 김밥이야기,김밥,2000,37.54327179,127.0841916,광진구,구의동,4.5,13156731
260,8906,옥문,자장면,4500,37.53678879,127.0961606,광진구,구의동,4.31,17973223
261,8911,성원식당,냉면,5000,37.55135719,127.089313,광진구,구의동,4.3,1331522359
641,9514,지니카페,커피,2500,37.54802193,127.0875601,광진구,구의동,4.48,1900365174
175,8072,한아름분식,된장찌개,4500,37.55528157,127.0766351,광진구,군자동,-,18837935
274,8984,세종하늘마루,된장찌개,5000,37.55498405,127.0760893,광진구,군자동,5,1724639089
395,9412,생생칼국수,냉면,5000,37.55226439,127.071623,광진구,군자동,-,-
473,9198,세종원,자장면,4500,37.54824173,127.0715808,광진구,군자동,4.43,34628680
638,9511,채움,된장찌개,5000,37.55235039,127.0716991,광진구,군자동,4.19,36321384
640,9512,옥돌바베큐,치킨,12000,37.55396593,127.0746735,광진구,군자동,4.5,1783234192
259,8910,홍천화로숯불갈비,냉면,5000,37.55596156,127.0797546,광진구,능동,-,-
333,8913,소야지,삼겹살,10000,37.55585972,127.0804521,광진구,능동,-,-
431,9242,능라도분식,김밥,1700,37.55514571,127.0790749,광진구,능동,-,17965886
11,6778,흥부농장,냉면,4000,37.53552255,127.0827993,광진구,자양동,4.24,17990777
206,8728,공새미김밥,김밥,2000,37.53114307,127.0846902,광진구,자양동,-,-
277,8908,기덕이네생고기집,삽겹살,10000,37.5307627,127.0846022,광진구,자양동,-,-
441,9123,보현식당,냉면,5000,37.53417732,127.0703609,광진구,자양동,4.29,13156634
529,9121,보광식당,김치찌개,6000,37.53740913,127.0807546,광진구,자양동,4.25,17990830
530,9122,종로한정식,김치찌개,5000,37.53726391,127.0784583,광진구,자양동,4.1,38522039
550,9361,자매생고기,삼겹살,12000,37.53477567,127.0783768,광진구,자양동,-,-
669,9414,엄마손집밥,삼겹살,12000,37.53087433,127.0747768,광진구,자양동,4.38,18016231
680,9513,자양다방,커피,1900,37.53473434,127.0782046,광진구,자양동,4.38,1245493141
9,5959,금강숯불생고기,돼지갈비,8000,37.55898562,127.0870897,광진구,중곡동,4.33,18800486
13,4826,김밥나라,돈가스,4000,37.55833658,127.0880062,광진구,중곡동,-,32088848
14,6378,다비다식당,삼겹살(200g),10000,37.56970056,127.0797764,광진구,중곡동,3.94,18808869
266,8982,이삭홍두깨칼국수,칼국수,3000,37.56534504,127.0804683,광진구,중곡동,4.55,30976293
394,9415,돈필,김치찌개,6000,37.56541749,127.0796665,광진구,중곡동,-,-
444,9243,면곡당,마카롱,2000,37.57062167,127.0819899,광진구,중곡동,4.7,37263807
483,9241,마니아우동,김밥,2000,37.56353168,127.0792966,광진구,중곡동,4.39,1538256502
589,9237,중국관,탕수육,17000,37.56307592,127.0806775,광진구,중곡동,4.77,18804889
103,8068,겨울나그네,돈까스,4500,37.54395421,127.0722228,광진구,화양동,4.45,18003461
323,8905,북경,짭뽕,4000,37.54300606,127.0718204,광진구,화양동,3.9,1401825486
661,9496,삼동숯불갈비,삼겹살,12000,37.48382061,126.8907437,구로구,가리봉동,4.41,18448776
662,9497,우리집,된장찌개,6500,37.48392342,126.8902599,구로구,가리봉동,4.44,1550919217
62,7911,설가네부대찌개,삼겹살(수입200g),9000,37.49673304,126.8557302,구로구,개봉동,4.54,18458904
84,7904,보리밥 솥뚜껑 삼겹살,삼겹살(국내산200g),10000,37.49002989,126.8552755,구로구,개봉동,4.34,20891518
128,8289,해성반점,탕수육,15000,37.50230623,126.8479926,구로구,개봉동,-,18487863
159,8294,옛날짜장(중화각),탕수육,11000,37.4989477,126.8473611,구로구,개봉동,-,-
212,8613,한우식당,냉면(물),5000,37.50055977,126.851002,구로구,개봉동,4.39,13490643
232,8295,닷컴분식,김치찌개,5000,37.4940385,126.8586456,구로구,개봉동,4.29,18490270
236,8283,화승원,자장면,3500,37.49897375,126.8541896,구로구,개봉동,4.35,36004918
240,8281,개봉분식,조리라면,2000,37.50182903,126.8422675,구로구,개봉동,4.5,20856960
242,8282,완산정,삼겹살,10000,37.49525476,126.858341,구로구,개봉동,4.41,36004016
8,8265,해피분식,김치찌개,4000,37.49857739,126.8631491,구로구,고척동,4.73,20880249
51,7899,길손한정식,삼겹살(수입산200g),6000,37.5016661,126.851131,구로구,고척동,4.26,36004740
70,8279,가마솥설렁탕,갈비탕,5000,37.50159831,126.8508925,구로구,고척동,4.35,20841306
79,7931,황궁,짬뽕(홀기준),4000,37.50016432,126.8671649,구로구,고척동,-,32496627
142,8274,해물칼국수,칼국수,5000,37.50427799,126.8533403,구로구,고척동,4.37,18967211
153,8264,삼삼치킨,치킨,9000,37.50114507,126.8659703,구로구,고척동,4.56,36004226
176,8267,우리식당,김치찌개,5000,37.4999557,126.8603317,구로구,고척동,-,1161905008
220,8266,왕짜장,짜장면,3000,37.50116963,126.8654611,구로구,고척동,-,-
678,9604,포에리얼 떡볶이,-,-,37.49795843,126.8643477,구로구,고척동,4.62,1985619880
693,9603,꿀꿀이생고기맛집,0,0,37.50076828,126.8638569,구로구,고척동,4.2,1899062118
41,2700,제주똥돼지촌,오겹삼겹살(국내산200그램),11000,37.49172629,126.8892641,구로구,구로동,4.37,32101231
55,7901,대형갈비,돼지갈비(국내산200g),1000,37.48759022,126.8851105,구로구,구로동,4.09,1163016048
56,7903,명가영양돌솥밥,삼겹살(국내산200g),11000,37.48809371,126.8852126,구로구,구로동,3.95,20849349
80,7533,중앙한분식,김치찌개,5000,37.49002321,126.8853862,구로구,구로동,-,18480907
108,8350,자매분식,냉면,4000,37.49289538,126.8938133,구로구,구로동,-,36004166
109,8352,우동.짜장,짬뽕,5000,37.4900142,126.8851147,구로구,구로동,-,36004921
132,8675,김밥천국,김치찌개,4000,37.48929795,126.8841435,구로구,구로동,4.17,20709913
180,8341,김밥짱,된장찌개백반,4500,37.48982287,126.8840474,구로구,구로동,4.59,36004207
197,8357,미진분식,김밥,1300,37.49245047,126.893119,구로구,구로동,-,18448143
230,8356,일억조분식,조리라면,2000,37.49568725,126.891249,구로구,구로동,4.39,18959415
244,8340,칭니,탕수육,15000,37.50415094,126.8807924,구로구,구로동,4.41,32873615
303,8950,용갈비,돼지갈비(국200g),10000,37.48749113,126.8853179,구로구,구로동,4.35,19416193
341,9012,형제갈비,돼지갈비(국200g),10000,37.48774843,126.8854723,구로구,구로동,-,1387047844
361,9299,싸리골,생선+청국장,7000,37.49666455,126.8881315,구로구,구로동,-,-
428,9161,삼거리식당,삼겹살,8000,37.4948644,126.8836826,구로구,구로동,4.36,13039298
490,9305,현미식당,해물칼국수,6000,37.49158686,126.8915466,구로구,구로동,4.56,11851654
503,9302,국수뜨락,청국장,6500,37.49432917,126.8889279,구로구,구로동,4.27,21172125
511,9022,무릉도원,가정식백반,5000,37.490346,126.887695,구로구,구로동,-,1834867364
679,9606,고창국수,0,0,37.48725795,126.8945051,구로구,구로동,4.28,65770123
694,9605,윤경이네,0,0,37.48732039,126.8886182,구로구,구로동,-,1733925779
695,9607,명태본가,0,0,37.49438631,126.8880842,구로구,구로동,4.33,975096463
125,8312,김밥만두집,김치찌개,4000,37.49074036,126.8413258,구로구,오류동,4.54,36004565
143,8314,명가분식,비빔밥,4500,37.49313252,126.8447073,구로구,오류동,-,35272523
382,9114,다  담,김치찌개,6000,37.48107584,126.8864183,금천구,가산동,4.6,21783465
436,9084,꼼이네,된장찌게,5000,37.47774088,126.8898764,금천구,가산동,-,-
449,9104,자연화로구이,부페,5500,37.47720302,126.8960862,금천구,가산동,4.5,484551453
463,9075,가산순대국,순대국,7000,37.47801573,126.8904093,금천구,가산동,4.38,35048120
549,9097,박리분식, 뚝불고기 ,6500,37.47678551,126.8923903,금천구,가산동,4.69,20834538
551,9108,고기굽는마을,닭도리탕 大,30000,37.48237774,126.8849538,금천구,가산동,4.29,18979137
566,9090,참치킹,참치회 한접시(중),49000,37.48144017,126.8838717,금천구,가산동,4.15,1966828848
583,9086,맛순이순대국감자탕,순댓국,7000,37.47377407,126.8907235,금천구,가산동,4.35,1241202193
603,9446,포스트푸드,한식,5000,37.48107584,126.8864183,금천구,가산동,-,1824435379
614,9449,푸드플러스,백반,5500,37.47606319,126.8829254,금천구,가산동,4.07,1668652288
93,8193,금천골 오리명가,한방토종닭백숙,51000,37.46071404,126.8991736,금천구,독산동,4.29,20289500
326,8700,고기마을호수,된장찌개,5000,37.4629086,126.8904233,금천구,독산동,4.3,13571707
337,8974,동남숯불생구이,불고기정식,7000,37.4689867,126.9020874,금천구,독산동,-,-
342,9093,대호식당,백반,5000,37.47216839,126.8925028,금천구,독산동,4.24,1387446523
397,9100,얼큰순대국, 뚝불고기 ,6000,37.46678554,126.8952702,금천구,독산동,4.22,1291338444
533,9098,진미식당,백반,6000,37.47215084,126.8942187,금천구,독산동,4.28,37943730
553,9102,다래성,짬뽕,3500,37.47574666,126.8981977,금천구,독산동,4.15,18536447
555,9096,조여사네집,순댓국,5000,37.46681426,126.8896007,금천구,독산동,4.2,20284071
565,9087,진미한분식,된장찌개,6000,37.47237531,126.8943549,금천구,독산동,4.12,1561325522
568,9095,만세한식부페본점,한식뷔페,5500,37.47216209,126.8914267,금천구,독산동,4.4,1937693433
729,9101,홍능갈비,삼겹,12000,37.4667825,126.8969172,금천구,독산동,4.41,13468661
293,8975,전주콩나물국밥,콩나물해장국,4000,37.45524648,126.900939,금천구,시흥동,4.32,37943736
304,8976,서담,제주산생고기,9000,37.45171615,126.9028012,금천구,시흥동,-,-
338,8978,듬배골,왕갈비탕,10000,37.45006941,126.9080372,금천구,시흥동,4.41,18990309
384,9116,금천식당,된장찌게,6000,37.45257187,126.9029426,금천구,시흥동,4.24,34228781
390,9120,신가네참숯민물장어,장어탕,7000,37.45223479,126.9026027,금천구,시흥동,-,-
411,9201,은행나무갈매기,갈비살,8900,37.45233587,126.9055896,금천구,시흥동,4.45,37943733
443,9118,육합춘짜장짬뽕전문,볶음밥,6000,37.44187241,126.9041483,금천구,시흥동,4.3,298781155
462,9119,산들바다 생고기,통돼지한마리500g,17000,37.45456342,126.8994368,금천구,시흥동,4.54,1896606742
552,9115,풍천장어,장어탕+공기밥,9000,37.45437594,126.9017137,금천구,시흥동,-,1016011800
554,9117,장수갈비,돼지생갈비,11000,37.45251398,126.9026715,금천구,시흥동,4.18,37943756
572,9089,홍두깨손칼국수,칼국수,5000,37.45891661,126.9045948,금천구,시흥동,-,1445059836
602,9447,정가네촌 감자탕,선지해장국,6000,37.45143207,126.9061544,금천구,시흥동,-,-
615,9448,국수집,잔치국수,5000,37.45119196,126.9097574,금천구,시흥동,4.35,36215389
542,9176,형제해장국,해장국,4500,37.62875418,127.0718062,노원구,공릉동,4.35,18640501
597,9500,북한강민물고기매운탕,매운탕,30000,37.62618587,127.074788,노원구,공릉동,4.59,12982235
38,7595,다운이,된장찌개,4000,37.66361305,127.0684926,노원구,상계동,-,36004022
85,8724,마들김밥,돈가스,5000,37.66482335,127.0654415,노원구,상계동,4.3,11383739
131,8721,마시차이나,짜장면,4000,37.65326698,127.0579111,노원구,상계동,4.24,18648231
252,8240,진식당,된장찌개 백반,4000,37.66165211,127.0561247,노원구,상계동,-,-
284,8930,착한메밀,옹심이칼국수,3900,37.65754268,127.0670831,노원구,상계동,4.37,1154911299
541,9174,짬뽕늬우스,자장면,4500,37.65529991,127.0630974,노원구,상계동,4.39,19833113
609,9441,뚱뚱이 밥상,한식뷔페,7000,37.6666666,127.0576261,노원구,상계동,4.38,36003805
406,9023,태성순대국,머리 고기,7000,37.61435566,127.0623317,노원구,월계동,-,-
408,9175,향원,자장면,3000,37.61729474,127.0639139,노원구,월계동,4.24,37175875
455,9344,다이천 마떡,떡볶이,2000,37.62315877,127.0604122,노원구,월계동,-,-
607,9439,돈장군,돼지갈비,6000,37.62348728,127.0600483,노원구,월계동,4.05,13151095
608,9440,여자만아구찜,아구찜,18000,37.62351037,127.0608657,노원구,월계동,4.49,1837320539
31,7574,대림각,자장면,3000,37.63913993,127.0638195,노원구,중계동,4.19,36004923
360,9219,불암골 맛있는 집,가정식 백반,5000,37.65085255,127.0821556,노원구,중계동,4.31,11475554
47,8082,도봉산콩나물국밥,야채비빔밥,6000,37.68461676,127.0429647,도봉구,도봉동,4.27,21559544
68,8088,시골짚,김치찌개 순두부찌개,7000,37.66947801,127.0457387,도봉구,도봉동,4.22,20908626
134,8090,알뜰정육식당,돼지갈비,10000,37.67642559,127.0437226,도봉구,도봉동,4.63,36004745
219,8077,난짜장 넌짬뽕,자장면,2500,37.67000729,127.0419651,도봉구,도봉동,-,-
635,9631,홍방원,짜장면,4500,37.67753419,127.0438634,도봉구,도봉동,4.42,10988214
650,9469,홍두깨손칼국수,칼국수,4000,37.68821288,127.0413065,도봉구,도봉동,4.15,1756585883
651,9470,온누리식당,칼국수,5000,37.6739831,127.0430572,도봉구,도봉동,-,1018099374
652,9474,보배네능이백숙,닭볶음탕,30000,37.6714066,127.0419673,도봉구,도봉동,4.64,36960752
106,8080,김밥타운,김밥,2000,37.66576223,127.0368592,도봉구,방학동,4.38,18625733
133,8091,일심해장국,김치찌개,6500,37.66220886,127.0294607,도봉구,방학동,4.3,17964426
194,8083,돈애우,숯불생삼겹(캐나다산180g),7500,37.66514108,127.0360209,도봉구,방학동,-,-
222,8720,털보식당,삼겹살,10000,37.66695396,127.0424582,도봉구,방학동,4.26,1811237121
250,8089,신짜장,짬뽕,4000,37.664731,127.039538,도봉구,방학동,4.36,20862517
402,9482,어머니찌개,김치찌개,6000,37.66909403,127.0447525,도봉구,방학동,-,20854797
416,9195,명동분식,떡만둣국,4500,37.66548279,127.0358217,도봉구,방학동,4.24,13500194
560,9194,홍두깨손칼국수,소고기콩나물밥,5500,37.66587419,127.036073,도봉구,방학동,-,-
642,9475,짱구네분식,돈까스,7000,37.66372427,127.0284883,도봉구,방학동,4.12,20927340
643,9477,호돈구이,삼겹살,9800,37.66438973,127.0410509,도봉구,방학동,-,1331742816
644,9483,짜장마을,짜장면,2900,37.66832986,127.0453374,도봉구,방학동,4.4,36761124
647,9489,김가네국수집,칼국수,4500,37.66986537,127.0404814,도봉구,방학동,-,1322004791
648,9467,아!짜장,짬뽕,3000,37.66457204,127.0359669,도봉구,방학동,4.35,1038391107
653,9476,브레쉬에비뉴,슈크림빵,1700,37.66204342,127.0280665,도봉구,방학동,4.35,34878585
654,9481,세움카페,커피라떼,2500,37.66871613,127.0471314,도봉구,방학동,4.39,32769154
656,9486,카페커민,아메리카노,3000,37.66531972,127.0407921,도봉구,방학동,4.58,1948452350
632,9610,카페매일이기념일,커피,1500,37.64640662,127.0321948,도봉구,쌍문동,4.63,1162670905
637,9632,착한부대찌개,부대찌개,6000,37.6471138,127.0308374,도봉구,쌍문동,4.35,1353483364
658,9633,우이목장,갈비탕,11000,37.64436418,127.0294308,도봉구,쌍문동,4.34,38431899
660,9600,행촌,청국장,8000,37.64937403,127.0233203,도봉구,쌍문동,4.05,17956697
46,8097,미성각,자장면(배달시 가격차등 : 4500),3500,37.65276817,127.0513356,도봉구,창동,4.16,20603907
138,8086,미락칼국수,김치찌개,5000,37.64595379,127.0373851,도봉구,창동,4.4,36004536
388,9056,의정부 부대찌개,우렁된장찌개,6000,37.6377455,127.0407985,도봉구,창동,4.47,1258383423
453,9196,남원추어탕,추어탕(일반),7000,37.65102724,127.0413835,도봉구,창동,4.3,17993410
604,9488,돼지물고기,된장찌개,6000,37.65653774,127.0405996,도봉구,창동,4.12,1060408601
645,9485,엄마랑꿀꽈배기,핫도그,2300,37.65562906,127.0414879,도봉구,창동,-,-
646,9487,멸치국수,냉면,5000,37.65623484,127.0405729,도봉구,창동,4.61,20846748
649,9468,화원,자장면,2500,37.6420937,127.0347313,도봉구,창동,4.27,20827629
655,9484,박리김밥,김밥,2000,37.63968699,127.0373751,도봉구,창동,4.38,1659527451
63,7731,태능숯불갈비,삼겹살(200g),13000,37.57601396,127.0393431,동대문구,용두동,4.1,18841274
17,6856,자매식당,된장찌개,5000,37.59549733,127.0605629,동대문구,이문동,4.23,1907395009
308,8933,아마자께,냉면,5000,37.59850149,127.0569804,동대문구,이문동,4.62,1286334962
15,6871,궁원 중화요리,짬뽕,4000,37.57894686,127.0705533,동대문구,장안동,4.12,36004924
135,8389,오케이식당,칼국수,4000,37.56752647,127.0710217,동대문구,장안동,4.31,1799319479
517,9280,제일정육식당,제육볶음,5000,37.56459996,127.0697862,동대문구,장안동,4.23,18859961
152,8558,맛고을갈비찜,생선구이,5000,37.58142822,127.043916,동대문구,제기동,4.05,36004746
229,8390,금복식당,김치찌개,4000,37.58736703,127.0350148,동대문구,제기동,-,11784613
310,8985,안동장,자장면,3000,37.58142822,127.043916,동대문구,제기동,4.63,1322560908
398,9072,속초맛집,모듬생선조림,40000,37.58655589,127.0426248,동대문구,청량리동,4.55,1478916533
319,8986,놀부만두,수제고기만두(10개),4000,37.58935254,127.0614879,동대문구,휘경동,4.36,20691128
345,9318,궁중순대보쌈,순대국,8000,37.51224548,126.9348316,동작구,노량진동,4.45,13053480
434,9291,노들나루 밥상,삼겹살 쌈밥 정식,6500,37.51331739,126.9454577,동작구,노량진동,4.54,75868739
467,9290,와가마마,돈까스,7000,37.51146233,126.9451127,동작구,노량진동,4.41,32323346
469,9296,우정식당,김치찌개,6000,37.51259481,126.9375112,동작구,노량진동,4.23,1230315996
476,9304,금옥이네,청국장,6000,37.51227661,126.9357283,동작구,노량진동,4.37,1837272144
489,9303,다독이네 숯불갈비,돼지갈비(수입산 200g),11000,37.51295932,126.9377939,동작구,노량진동,-,-
493,9310,엄마손김밥,백반,5500,37.51274991,126.9357277,동작구,노량진동,4.41,1081869558
494,9311,스카이 피자,피자,10900,37.50960638,126.937053,동작구,노량진동,4.05,1419012806
621,9529,모꼬지,돈까스,7500,37.51149587,126.9399697,동작구,노량진동,3.99,20834112
692,9548,정가네밥상,백반,6000,37.51216292,126.9374378,동작구,노량진동,4.57,1253428090
703,9582,큰손갈비,돼지갈비250g(국내산),15000,37.51169508,126.939619,동작구,노량진동,3.98,13160910
373,9292,남원집,보쌈정식,7000,37.49856729,126.9210427,동작구,대방동,4.43,37943784
510,9297,전라도 시래기국밥,백반,7000,37.49901236,126.9254358,동작구,대방동,4.03,19035871
613,9590,남원추어탕,추어탕,9000,37.50874345,126.9245178,동작구,대방동,4.43,37943784
627,9549,호순네집,김치찌개,7000,37.51070654,126.931899,동작구,대방동,4.28,1405815470
628,9551,실비촌,김치찌개,7000,37.50874345,126.9245178,동작구,대방동,4.11,837403210
629,9552,삼락,삼겹살(200g),15000,37.50459704,126.9234232,동작구,대방동,4.32,18737432
676,9531,신온누리에돈까스,돈까스,8000,37.49918567,126.9259391,동작구,대방동,4.28,61370428
684,9523,제주왕뚜껑생고기,김치찌개,7000,37.51095523,126.9322366,동작구,대방동,-,-
687,9528,준우식당,백반,7000,37.50944843,126.931992,동작구,대방동,4.35,1835229501
723,9550,태원,짬뽕,7500,37.50842583,126.9320671,동작구,대방동,4.31,18736549
623,9542,고향갈비,백반,6500,37.51228463,126.9507308,동작구,본동,4.07,34198804
347,9288,내고향 나주곰탕,우거지곰탕,9000,37.48601807,126.9691465,동작구,사당동,-,-
348,9289,은혜식당,제육볶음,7000,37.48690798,126.9683943,동작구,사당동,4.35,19033349
410,9313,용주골 생고기,삼겹살(국내산 200g),14000,37.48256179,126.9810436,동작구,사당동,4.47,37896106
413,9308,사당골,오리 회전구이,40000,37.48203623,126.9670717,동작구,사당동,-,-
429,9321,진미 순대국 감자탕,해장국,7000,37.4840112,126.973326,동작구,사당동,4.35,20845950
439,9323,남원추어탕,통추어탕,10000,37.48219342,126.9807826,동작구,사당동,4.26,19034050
477,9584,남원추어탕아구찜,추어탕,9000,37.48470214,126.978949,동작구,사당동,4.26,195307621
478,9309,풍미원,오리주물럭,40000,37.48375023,126.9761367,동작구,사당동,4.53,38009901
484,9312,배꼽시계,우렁쌈밥,7000,37.477874,126.9783008,동작구,사당동,4.48,545572596
491,9306,생오리 회전 숯불구이 왕갈비탕,갈비탕,11000,37.48408987,126.9718634,동작구,사당동,4.29,20734849
492,9307,돌쇠와 석쇠,삼겹살(수입산 180g),9000,37.48570243,126.9687168,동작구,사당동,4.45,13558011
619,9521,황제소고기국밥,소고기국밥,9000,37.48792554,126.9813231,동작구,사당동,4.28,18761631
622,9541,달길포차,동태찌개,8000,37.48194234,126.9809782,동작구,사당동,4.34,1442408791
624,9543,마포곱창,모듬곱창(250g),20000,37.48587024,126.9692279,동작구,사당동,4.61,18762920
690,9544,산천칡냉면,칡비빔냉면,8000,37.48447815,126.9708809,동작구,사당동,4.42,32114669
362,9300,향기가득한 인생감자탕,뼈해장국,7000,37.49965566,126.9510769,동작구,상도1동,-,-
470,9298,북경,짬뽕,5500,37.50166852,126.9498232,동작구,상도1동,4.25,77948658
682,9520,옛날칼국수,칼국수,4000,37.50117655,126.9489461,동작구,상도1동,4.51,347509341
704,9583,명동국수,잔치국수,4000,37.50173307,126.9499265,동작구,상도1동,4.49,1414429133
730,9315,보물쌈,칼국수,3000,37.50117655,126.9489461,동작구,상도1동,4.08,19763907
349,9317,화풍정,시래기밥상,7000,37.4999427,126.9317763,동작구,상도동,4.36,13124594
405,9325,아이리스 분식,김치찌개,4000,37.50427475,126.936168,동작구,상도동,-,-
424,9316,대가설렁탕,설렁탕,8000,37.50136437,126.9329935,동작구,상도동,4.69,36004442
440,9324,낙지랑 갈비랑,동태찌개,8000,37.49870731,126.9433352,동작구,상도동,4.16,19024688
471,9301,코코스 중앙식당,순두부찌개,6000,37.50485786,126.9532443,동작구,상도동,4.23,1462228665
610,9585,이가떡방,떡1팩,2500,37.49827945,126.9313244,동작구,상도동,4.4,13130825
611,9586,동가보쌈,제육볶음,8000,37.49902373,126.9326724,동작구,상도동,3.99,1535262913
620,9527,정선메밀고을,냉메밀막국수,6500,37.49578039,126.9437151,동작구,상도동,-,1796653994
686,9526,동해해물탕,알탕,8000,37.49686816,126.9440623,동작구,상도동,4.54,18759348
705,9587,상도칼국수,김치찌개,7000,37.49894128,126.9332915,동작구,상도동,4.25,1593467281
726,9559,만두의정석,고기만두,5000,37.4992744,126.9309699,동작구,상도동,4.35,1563628223
344,9284,성상등갈비,냉면,7000,37.49036279,126.9085146,동작구,신대방동,4.51,13501543
350,9322,우리 콩사랑,콩국수,8000,37.4879195,126.9126513,동작구,신대방동,-,-
352,9285,이고시다,알탕,7000,37.49776114,126.9254515,동작구,신대방동,4.3,12859870
420,9319,돈까스 참 잘하는 집,돈까스,8500,37.49143108,126.923417,동작구,신대방동,-,-
425,9320,궁중참순대,순대국,7000,37.49217586,126.9242713,동작구,신대방동,-,-
508,9287,통삼겹구이 5900,오리로스주물럭(200g),8000,37.4977976,126.9277143,동작구,신대방동,-,-
516,9286,삼호정,삼계탕,12000,37.49794689,126.9230071,동작구,신대방동,3.85,1493009891
612,9588,신대방대박찹쌀꽈배기,꽈배기3개,2000,37.49005239,126.9086252,동작구,신대방동,4.51,1909981926
630,9558,황금오리,오리훈제,43000,37.49044248,126.9085665,동작구,신대방동,-,-
688,9530,풀향기칼국수,바지락칼국수,7000,37.4958804,126.9273661,동작구,신대방동,4.21,1488471299
706,9589,섬마을일식,모듬초밥10pcs,10000,37.49109691,126.9118137,동작구,신대방동,4.52,34402587
412,9314,맛구이촌,삼겹살(수입산 170g),6000,37.50690901,126.9596401,동작구,흑석동,-,-
442,9294,사과나무,왕돈까스,7000,37.50759633,126.959736,동작구,흑석동,4.29,32284691
487,9293,유정쌈밥,쌈밥정식(국내산),10000,37.5079858,126.9620695,동작구,흑석동,4.25,18710054
488,9295,단비분식,제육볶음,6000,37.50766974,126.9593923,동작구,흑석동,4.69,384576928
625,9545,남매이야기,돼지갈비(250g),13500,37.50756308,126.9647974,동작구,흑석동,4.47,1303247884
626,9546,준호가만드는부대찌개,부대찌개,7500,37.50744035,126.9589081,동작구,흑석동,-,-
683,9522,준호네 돈가스,등심돈까스,7000,37.50752788,126.9592884,동작구,흑석동,4.41,38726928
689,9540,계단집,김치찌개,7000,37.50802854,126.96419,동작구,흑석동,4.39,1900859825
691,9547,황토정,부대찌개,7000,37.50770372,126.9618669,동작구,흑석동,4.36,18714853
725,9557,일이삼식당,제육볶음,7000,37.50747943,126.9590856,동작구,흑석동,4.49,38276136
282,8925,효성마루(효성식당),된장찌개,6000,37.54693235,126.9519771,마포구,공덕동,-,-
249,8076,솔잎식당,김치찌개,7000,37.53768227,126.9466032,마포구,도화동,4.56,36004024
474,9266,경성커피컴퍼니,아메리카노,2500,37.53966487,126.9477007,마포구,도화동,-,-
698,9617,전주집,김치찌개,6000,37.5412655,126.9462948,마포구,도화동,4.28,1706287849
559,9047,웨스턴후라이드라이스,김치야채볶음밥,7500,37.55483115,126.922383,마포구,동교동,-,-
267,8916,고향집,콩나물비빔밥,3500,37.55653255,126.9063062,마포구,망원동,4.38,34098437
273,8922,새마을,닭계장 ,4000,37.55590302,126.909176,마포구,망원동,-,13404914
451,9187,참맛 닭곰탕,닭곰탕(특),7000,37.5559256,126.9061423,마포구,망원동,4.38,1858549253
501,9044,동일루,유니짜장,6000,37.55382375,126.9055679,마포구,망원동,4.26,36615409
543,9268,망원시장홍두깨손칼국수,손수제비,4000,37.55618385,126.9062886,마포구,망원동,-,-
593,9046,빈대떡마을,해물파전,13000,37.55810647,126.907522,마포구,망원동,4.37,33292620
594,9048,망원동수창골,추어탕,7000,37.55808516,126.9072361,마포구,망원동,-,35298956
423,9265,커피농부와정원,아메리카노,2000,37.57826444,126.8822271,마포구,상암동,4.4,13438891
32,2022,봉주르,백반정식,4000,37.55497892,126.9300363,마포구,서교동,4.48,34807268
456,9282,웰빙뚝배기,백반,6000,37.55346487,126.9126921,마포구,서교동,4.52,36445346
616,9578,선자네,비빔밥,7000,37.55841718,126.9127881,마포구,성산동,4.25,1111979826
631,9568,해피하우스소정,된장찌개백반,6500,37.56379544,126.9082019,마포구,성산동,-,-
633,9264,냠냠분식,김밥,2500,37.56827049,126.9082967,마포구,성산동,4.24,1027469694
65,1476,라푸스코 마포점,피자(스페셜),13900,37.54560445,126.9551838,마포구,신공덕동,4.72,13279525
438,9267,차이나는만두,짬뽕,6000,37.5441056,126.9541301,마포구,신공덕동,-,-
595,9270,구대회커피,아메리카노,2500,37.54857535,126.9334689,마포구,신수동,4.39,35992664
171,7780,한성축산식당,돼지갈비,12000,37.56254921,126.9214742,마포구,연남동,4.35,36004752
407,9193,풍년갈비,돼지갈비(250g),11000,37.5629998,126.9253514,마포구,연남동,4.41,18800778
458,9192,연희동 할머니네,김치찌개 백반,6000,37.56143142,126.9185246,마포구,연남동,4.29,19886228
472,9191,미소국수,잔치국수,4500,37.5605137,126.9209734,마포구,연남동,4.34,36262323
536,9190,오군 수제 고로케,고로케 종류,2000,37.5605137,126.9209734,마포구,연남동,4.4,31068103
696,9616,사루카메,-,-,37.56107039,126.9226817,마포구,연남동,4.51,1763607050
727,9560,옛날무쇠가마솥,된장찌개백반,6000,37.54895084,126.9310316,마포구,창전동,4.47,13154340
88,7392,춘천식당,삼겹살(200g 호주산),7000,37.57044466,126.9142598,서대문구,남가좌동,4.7,1525144224
90,6304,왕세숫대야냉면,돈가스,5000,37.56918523,126.915982,서대문구,남가좌동,4.19,36004338
358,9141,이삭칼국수,칼국수,4500,37.57608444,126.9255504,서대문구,남가좌동,-,1175597654
591,9155,송림기사식당,삼겹살,8500,37.57352316,126.9228507,서대문구,남가좌동,-,-
195,8126,진사골왕갈비,갈비탕(호주산),6000,37.55884448,126.9442823,서대문구,대현동,-,-
64,6739,신가네김밥타운,김밥,1000,37.58167048,126.9139717,서대문구,북가좌동,-,-
91,6325,연안식당,등심구이(300g 미국산),15000,37.58377618,126.9116437,서대문구,북가좌동,-,-
330,8691,한솔 민물장어,냉면(물),5000,37.58057783,126.9123599,서대문구,북가좌동,4.59,38724014
343,9140,엄마손밥상,불고기,7000,37.58112813,126.9111191,서대문구,북가좌동,-,-
354,9142,다미돈까스,돈가스,5500,37.58389038,126.9114612,서대문구,북가좌동,-,-
437,9153,커피디인,커피,2000,37.57844818,126.9092913,서대문구,북가좌동,-,-
468,9143,중화요리 신세계로반점,자장면,2000,37.58317279,126.9193261,서대문구,북가좌동,4.33,18269597
520,9138,소문난냉면,냉면,4500,37.57907175,126.9081215,서대문구,북가좌동,-,20859675
527,9137,화순식당,백반,5000,37.58280626,126.9190546,서대문구,북가좌동,4.56,20917002
535,9135,청와면옥함흥냉면,갈비탕,7000,37.58115859,126.9125697,서대문구,북가좌동,-,-
546,9134,낙원식당,불고기,7000,37.58496234,126.9147088,서대문구,북가좌동,4.38,1025015376
578,9150,소돈,쇠고기,9900,37.5794025,126.9107022,서대문구,북가좌동,-,1644518651
169,8127,영화반점,짬뽕,4000,37.55864708,126.9567623,서대문구,북아현동,4.31,19387351
71,7058,연희골굼터,김치찌개백반,6000,37.57697449,126.930813,서대문구,연희동,-,-
166,8057,한분식,된장찌개백반,5000,37.57481109,126.9277682,서대문구,연희동,4.5,1482656615
173,7623,황금성,자장면,3500,37.57696774,126.9314454,서대문구,연희동,4.31,18750721
414,9038,비락,자장면,2500,37.57887118,126.9357695,서대문구,연희동,-,-
605,9460,본솔커피,아메리카노,2500,37.57476121,126.9272368,서대문구,연희동,4.79,35689660
728,9156,삼겹살데이,삼겹살,5900,37.5771968,126.9322764,서대문구,연희동,4.35,18797155
518,9062,떡마을카페,아메리카노,2500,37.57034953,126.9618663,서대문구,영천동,4.37,32372227
72,6734,해주냉면,냉면(물),4500,37.55923855,126.9389414,서대문구,창천동,-,-
334,8847,콩각시,콩나물국밥,4500,37.55793255,126.9361995,서대문구,창천동,-,-
355,9145,조정현갈비탕,삼겹살,10000,37.55879637,126.9384856,서대문구,창천동,-,-
519,9063,대명꼬기,생삼겹살,3900,37.55876047,126.938056,서대문구,창천동,4.54,18241106
544,9146,나주식당,불고기,9000,37.55648982,126.9371228,서대문구,창천동,4.19,1825413835
601,9438,명물갈비,갈비탕,10000,37.55879637,126.9384856,서대문구,창천동,4.19,33878519
141,8123,옛고향,쇠고기(200g 국내산),25000,37.58099575,126.9353259,서대문구,홍은동,4.08,18755116
272,8695,풍년갈비,삼겹살(200g 칠레산),10000,37.59204393,126.9408723,서대문구,홍은동,4.37,18267801
353,9450,엉터리돼지갈비,삼겹살,10000,37.59990795,126.949373,서대문구,홍은동,-,-
365,9032,만리장성,짬뽕,4500,37.59981292,126.9488021,서대문구,홍은동,4.14,1946960078
380,9037,곰닭,치킨,12000,37.60088768,126.9491539,서대문구,홍은동,-,-
454,9035,홍은나루터,생삼겹살,10000,37.58031208,126.9356633,서대문구,홍은동,4.32,31393537
724,9034,엉터리돼지갈비,된장찌개,4000,37.59990795,126.949373,서대문구,홍은동,-,-
50,8119,참참치킨,치킨,8000,37.59255155,126.9465452,서대문구,홍제동,4.27,20343664
111,8121,미성식당,비빔밥,3500,37.59085131,126.9436836,서대문구,홍제동,-,36004029
375,9033,어가네,비빔밥,5000,37.58301197,126.9376204,서대문구,홍제동,-,-
376,9036,생삼이네,삼겹살,5900,37.58657197,126.9438996,서대문구,홍제동,-,-
389,9149,한잎,칼국수,3500,37.59135149,126.9466853,서대문구,홍제동,-,-
415,9039,가원,자장면,3000,37.58712834,126.9464372,서대문구,홍제동,-,18661953
426,9148,더케익부티크,커피,2000,37.5892708,126.9423986,서대문구,홍제동,-,-
460,9151,1번출구커피,커피,1500,37.5896138,126.9434936,서대문구,홍제동,-,-
521,9139,칼집삼겹살,삼겹살,7000,37.58879573,126.9433722,서대문구,홍제동,4.53,1930712337
522,9144,홍제동잔치집,칼국수,5000,37.58763103,126.9458975,서대문구,홍제동,4.33,1962517902
548,9152,축산정육식당,삼겹살,9900,37.59076381,126.9416198,서대문구,홍제동,-,-
606,9462,밥 보다 국시,칼국수,4000,37.5938417,126.9473921,서대문구,홍제동,4.25,1539259907
45,8136,미미치킨,치킨,13000,37.48752619,126.9942016,서초구,방배동,4.4,18374204
54,8140,더구어,된장찌개,4900,37.48368318,126.9955076,서초구,방배동,-,-
279,8707,미각,설렁탕,6000,37.49022712,127.0091263,서초구,서초동,4.28,11369836
288,8709,탐라도야지,김치찌개/제육썸밥,6000,37.48959508,127.0135612,서초구,서초동,4.81,18364648
67,8148,시골마당,김치찌개,5000,37.47640024,127.0371687,서초구,양재동,4.58,18750755
127,8712,함흥식당,된장뚝배기,6000,37.47536582,127.0448619,서초구,양재동,4.16,18269352
201,8573,씨씨존치킨,치킨,8000,37.55344142,127.020337,성동구,금호동,-,17909475
663,9508,금호동바다장어초이408,장어탕,7000,37.54846736,127.021895,성동구,금호동,4.51,1793854218
664,9510,고향냉면,냉면,7000,37.54882001,127.0223928,성동구,금호동,4.55,11731706
702,9509,원조칼국수,칼국수,5000,37.54879273,127.0218372,성동구,금호동,4.21,37997618
58,4019,백리향,짬뽕,4000,37.54875821,127.0493636,성동구,성수동,-,1124909929
116,8575,용짜장,짬뽕,5000,37.54754415,127.0553768,성동구,성수동,4.44,18789350
76,6052,소문난맛함흥냉면,한우설렁탕,6000,37.56135742,127.0313727,성동구,하왕십리동,-,-
587,9208,송하정,주인밥상 ,5000,37.5613138,127.0310727,성동구,하왕십리동,4.35,18769778
657,9575,전주식당,간장게장,10000,37.56150171,127.0308672,성동구,하왕십리동,-,17889435
59,2322,동해루,자장면,3500,37.5575285,127.0385979,성동구,행당동,4.34,18777124
34,4526,깡통참숯돼지갈비,삼겹살(200g),12000,37.58973215,127.0187619,성북구,동선동,4.5,36004757
251,8025,홍두깨손칼국수,칼국수,3000,37.59173817,127.0138025,성북구,동소문동,-,20823808
83,7601,대풍손칼국수,칼국수,5000,37.58645268,127.0184314,성북구,보문동,-,-
257,8893,두메산골,묵은지꽁치찌개,6000,37.5909128,127.0150193,성북구,삼선동,4.27,12936184
285,8989,밀밭 손 칼국수,떡국,6000,37.58884112,127.0172183,성북구,삼선동,4.37,33937197
298,8817,최진사댁두부마을,고등어구이,7000,37.5888768,127.0172972,성북구,삼선동,4.36,18232146
495,9173,오늘김밥,바지수선,3000,37.58859755,127.0167867,성북구,삼선동,4.41,20893493
205,8017,미락,돼지갈비(200g),5000,37.60916197,127.0521779,성북구,상월곡동,4.38,36004760
118,8021,정릉갈비,돼지갈비(250g),10000,37.60188312,127.0186528,성북구,정릉동,4.22,18909876
210,8020,서울숯불갈비,부대찌개,5000,37.60381977,127.0157594,성북구,정릉동,4.24,18908594
226,8018,보성각,볶음밥,3500,37.61094296,126.9994244,성북구,정릉동,4.23,20882107
296,8988,허브족발,비빔냉면 ,4000,37.6042354,127.0401087,성북구,하월곡동,4.48,33992449
399,9406,미라클센터,떡볶이,3000,37.50084201,127.1263027,송파구,가락동,4.23,11734143
400,9407,미라클센터,떡볶이,3000,37.50084201,127.1263027,송파구,가락동,4.23,11734143
401,9408,미라클센터,떡볶이,3000,37.50084201,127.1263027,송파구,가락동,4.23,11734143
74,7855,일심해장국,해장국,4000,37.48991126,127.1435904,송파구,거여동,4.27,36004446
188,8170,돈구워돈,삼겹살(독일/170g),7000,37.49275511,127.1479001,송파구,거여동,4.38,36004765
315,8785,모퉁이식당,비빔밥,5000,37.49362875,127.1440164,송파구,거여동,4.38,36004037
6,8171,벧엘 칼국수,칼국수,4000,37.49689463,127.1499473,송파구,마천동,4.12,36004538
16,7142,제주토방탕수육,오징어탕수육 소,11000,37.50001784,127.151182,송파구,마천동,4.33,36004929
61,7850,청해루,탕수육(中),13000,37.49757895,127.1486662,송파구,마천동,4.07,18891787
73,7442,훼밀리김밥,칼국수,4000,37.50043153,127.1447443,송파구,마천동,4.23,18892118
82,8174,호남식당,김치찌개,5000,37.49932743,127.1476654,송파구,마천동,-,36004033
144,8621,마포숯불갈비,물냉면,5000,37.49976235,127.1525585,송파구,마천동,4.39,36004764
148,8175,유성짬뽕,짬뽕,5000,37.4975461,127.1507651,송파구,마천동,-,-
225,8173,국일관,김치찌개,5000,37.49292189,127.1528549,송파구,마천동,-,-
291,8966,꾸어구어,삼겹살(200g),5900,37.49649832,127.1489179,송파구,마천동,-,-
335,8973,착한깡통,삼겹살(600g),19900,37.49705613,127.1511946,송파구,마천동,-,1832014369
18,7501,한연수짜장,자장면,3000,37.48803873,127.132459,송파구,문정동,4.37,20868139
78,7847,홍보성,짬뽕,3500,37.48406532,127.1251547,송파구,문정동,4.42,18873016
92,7971,함흥냉면(연백냉면),냉면,4000,37.48267509,127.1293115,송파구,문정동,-,-
35,2832,투가리올림픽,물냉면,3500,37.51218629,127.1130539,송파구,방이동,4.36,1163150239
102,8309,강원도청국장,김치찌개,5500,37.51087848,127.113994,송파구,방이동,4.37,20940667
165,8305,서울분식,냉면(물),5000,37.51220786,127.1212013,송파구,방이동,4.23,18531515
245,8306,방이맛집,비빔밥,5500,37.51522785,127.114319,송파구,방이동,4.36,11861413
269,8809,춘향고을,된장찌개,5000,37.51558838,127.109036,송파구,방이동,4.31,18557715
278,8968,메운불닭,돈가스,4900,37.51003805,127.1249302,송파구,방이동,-,-
161,8967,정하람남도팥칼국수,칼국수,4000,37.50631653,127.0900953,송파구,삼전동,-,-
163,8324,명품삼겹살점문점,된장찌개,5000,37.50202952,127.0952918,송파구,삼전동,-,-
217,7852,신성김밥,조리라면,2500,37.50148797,127.0882814,송파구,삼전동,4.6,20880096
2,7851,오백냥분식,칼국수,4000,37.501272,127.1085095,송파구,석촌동,4.42,13153220
5,8633,돌마리유황오리,삼겹살(국내산/200g),11000,37.49976018,127.1036182,송파구,석촌동,4.41,19997949
231,8323,소백산,삼겹살(200g/국내),11600,37.50670258,127.1039507,송파구,석촌동,4.06,18861982
324,8630,옛날맛짜장,짬뽕,5000,37.50167976,127.1086443,송파구,석촌동,4.35,20624387
182,7845,서울중국집,짬뽕,4500,37.50879637,127.1050307,송파구,송파동,4.57,1214154710
20,7338,우돈골,등심(수입산.600g),25000,37.50926539,127.1272557,송파구,오금동,-,-
199,8315,본향,짬뽕,4500,37.50268179,127.139044,송파구,오금동,4.2,36004928
19,1113,해주냉면,물냉면,4500,37.5109865,127.0841391,송파구,잠실동,4.38,1920811115
24,736,장수설렁탕,설렁탕,5000,37.50548704,127.0831211,송파구,잠실동,4.36,18570229
136,8661,우성숯불갈비,물냉면,4000,37.51045418,127.0852781,송파구,잠실동,4.79,13158971
312,8972,조은김밥,김밥,1500,37.50946687,127.0852726,송파구,잠실동,4.27,1605353547
331,8970,김자순수제돈까스,돈가스,3500,37.50903184,127.0845493,송파구,잠실동,4.54,34806890
305,8812,장수촌,삼계탕,10000,37.53810566,127.1173256,송파구,풍납동,4.89,18851904
332,8638,마포숯불갈비,돼지갈비(캐나다산/320g),11000,37.5352071,127.1152746,송파구,풍납동,4.43,31357502
95,8548,소문장,짬뽕,4000,37.5478173,126.8642164,양천구,목동,4.27,18421104
96,8541,밥도둑구이전문,된장찌개,4000,37.54966854,126.8648147,양천구,목동,4.07,36004766
99,8543,대박집,된장찌개,4000,37.53384214,126.8640329,양천구,목동,4.14,36004038
105,8542,조은식당,고등어조림,6000,37.53217536,126.8767439,양천구,목동,4.07,1371932859
112,8851,할범탕수육,탕수육,2000,37.54853228,126.8653563,양천구,목동,4.33,37746339
301,8850,명동손칼국수,칼국수,2900,37.54825897,126.8650096,양천구,목동,4.23,36399472
7,3906,보라매25시해장국,양푼비빔밥,4000,37.52069932,126.8417514,양천구,신월동,4.38,1985770038
94,8565,홍콩반점,짬뽕,3000,37.52989602,126.8337497,양천구,신월동,4.39,20937476
104,8570,북경반점,짬뽕,4000,37.52310898,126.8316622,양천구,신월동,4.29,18435049
203,8818,돈스우스,제주생오겹살(200g),9000,37.53276617,126.8364683,양천구,신월동,-,-
677,9570,명가 홍삼을담다,0,0,37.52327186,126.8381589,양천구,신월동,-,1831300813
110,7661,진국설렁탕,설렁탕,7000,37.53406501,126.9026765,영등포구,당산동,4.35,21331382
124,8373,송백식당,된장찌개,6000,37.52870047,126.9000029,영등포구,당산동,4.03,18603045
186,8649,연경궁,자장면,4500,37.52698911,126.8953256,영등포구,당산동,4.15,13157768
154,7681,다솜한식전문,된장찌개 백반,6000,37.49923507,126.8970027,영등포구,대림동,4.33,19836305
271,8894,유미식당,김치찌개,6000,37.48717922,126.9044822,영등포구,대림동,3.56,1175386138
29,7663,소소한날,돼지갈비,11000,37.51577851,126.8923582,영등포구,문래동,4.21,19007398
146,8644,정원고기마을,갈비탕,6000,37.50600708,126.9069374,영등포구,신길동,-,-
170,8647,미각,된장찌개,6000,37.50381569,126.9209631,영등포구,신길동,4.33,36004041
185,8646,순미식당,김치찌개,5000,37.49893903,126.911852,영등포구,신길동,3.85,19015186
393,9068,옛날짜장,짬뽕,4500,37.49997982,126.908002,영등포구,신길동,-,1367989773
130,7666,산고을,삼계탕,12000,37.52435552,126.8851816,영등포구,양평동,4.48,18638571
263,8890,서울초밥,찌라시초밤,12000,37.53477846,126.8972955,영등포구,양평동,4.31,38008776
295,8889,삼미식당,된장찌개,5000,37.52384746,126.8846475,영등포구,양평동,4.18,19008938
193,7657,지리산,비빔밥,7000,37.52355864,126.9265108,영등포구,여의도동,4.1,36004044
42,7651,세림가든,냉면(물),5000,37.51719978,126.9098191,영등포구,영등포동,-,-
52,7653,제주흑돼지,김치찌개,7000,37.51730064,126.9069661,영등포구,영등포동,-,1984246053
101,8652,선유일식,생선초밥,10000,37.51418203,126.9076978,영등포구,영등포동,-,-
189,7648,예가원,돼지갈비(300g),16000,37.51884951,126.9045378,영등포구,영등포동,4.24,19763812
270,8641,낭주골,김치찌개,5000,37.52012652,126.9024651,영등포구,영등포동,4.19,20643104
280,8896,짜우리아,짬뽕,5000,37.51452919,126.9081653,영등포구,영등포동,4.4,13159662
435,9066,옥문,탕수육,8500,37.52289882,126.9094926,영등포구,영등포동,-,-
53,879,감베로니,돈까스,7000,37.54297934,126.9719461,용산구,갈월동,4.57,13575194
119,8687,남영골,차돌된장찌개,6000,37.54219831,126.9721418,용산구,갈월동,4.4,18128429
202,8679,모리모리,돈까스,7000,37.54336493,126.9721693,용산구,갈월동,-,30802314
23,1460,남영해물탕,알탕,6000,37.54254316,126.973487,용산구,남영동,4.39,18715342
156,8681,흑돈연가,냉면,5000,37.54170938,126.9739424,용산구,남영동,4.27,32786158
713,9506,영광정육식당,곰탕,7000,37.52526965,126.9961477,용산구,동빙고동,4.47,18732354
120,8686,한일각,짬뽕,4000,37.52639488,127.0005151,용산구,보광동,4.02,18194687
160,8685,청운숯불갈비,김치찌개,6000,37.55415625,126.9684844,용산구,서계동,-,-
701,9504,원돈까스우동,야채비빔밥,6000,37.52063879,126.9945484,용산구,서빙고동,4.15,18732827
192,8682,횡성한우목장,삼겹살,10000,37.53757588,126.9609065,용산구,용문동,4.49,13048503
711,9501,면마루,삼겹살,11000,37.54565366,126.985939,용산구,용산동,4.53,31729324
60,443,무진장,생선초밥,10000,37.53747293,126.9656648,용산구,원효로,4.2,18141856
697,9502,일공오삼겹살,된장찌개,5000,37.53945896,126.9694344,용산구,원효로1가,4.32,38486800
167,8680,풍년숯불갈비,돼지갈비,11000,37.53594341,126.9610888,용산구,원효로2가,4.59,1499646560
712,9505,용산장어마을,추어탕,8000,37.53833278,126.9642262,용산구,원효로2가,4.44,18141521
255,8384,황소마을,된장찌개,6000,37.53400336,126.9930088,용산구,이태원동,-,-
137,7967,화로가,삼겹살,10000,37.53053018,126.9685964,용산구,한강로2가,4.3,18156909
313,8832,옛날막고기집,김치찌개,5000,37.53099834,126.9692891,용산구,한강로2가,-,-
700,9503,용산풍천숯불민물장어,손칼국수,3900,37.53124793,126.9689867,용산구,한강로2가,4.01,37883063
314,8954,진부령황태해장국,된장찌개,5000,37.53291821,127.0049906,용산구,한남동,-,-
235,8689,산골녹차냉면,냉면,6000,37.54128506,126.9618529,용산구,효창동,4.39,18721300
87,7937,털보고된이,된장찌개,8000,37.62083655,126.9186993,은평구,갈현동,4.41,11703044
665,9622,행복밥상,청국장,6000,37.62381279,126.9175409,은평구,갈현동,4.3,1637317609
666,9623,양구손두부,두부정식,10000,37.62042652,126.9187189,은평구,갈현동,4.41,1838112704
721,9624,솥뚜껑,삼겹살,7000,37.61894875,126.91876,은평구,갈현동,4.36,20865196
81,7939,소백산영주한우,한우갈비탕,10000,37.60197419,126.9286224,은평구,녹번동,3.91,18087264
115,8005,은혜김밥,된장찌개,7000,37.61470707,126.9222223,은평구,대조동,4.72,36004210
720,9621,우경촌,양념게장백반,5000,37.61742191,126.923435,은평구,불광동,4.27,38003887
275,8861,꾸워,삼겹살,7900,37.59804449,126.9117856,은평구,신사동,4.29,38009154
667,9626,은평닭곰탕,닭곰탕,7000,37.60228725,126.91522,은평구,역촌동,4.51,1138580695
722,9625,역촌동 멸치국수,멸치국수,4500,37.60554446,126.9129253,은평구,역촌동,4.3,1054542900
639,9197,커피홀릭,카페라떼,3500,37.59421706,126.9183985,은평구,응암동,-,1204560151
717,9618,시장냉면,물냉면,5500,37.59432194,126.9187925,은평구,응암동,4.48,38010921
718,9619,OK스시,모듬회,20000,37.58679729,126.9177421,은평구,응암동,4.46,1935943681
719,9620,멸치국수,멸치국수,5500,37.60053264,126.9209092,은평구,응암동,4.42,31393300
233,8055,먹고갈래지고갈래,산채비빔밥,6000,37.5717755,126.988906,종로구,낙원동,4.28,17924788
241,7972,콩나물국밥,만두국,5000,37.57648307,126.9722648,종로구,내자동,4.4,37943932
247,7813,삼삼뚝배기,김치찌개,5000,37.58055641,127.0041907,종로구,동숭동,4.39,18676275
432,9275,플러스카페,아메리카노,1900,37.57319913,126.9788133,종로구,수송동,4.38,31824377
174,8052,광나루찌개,삼겹살,10000,37.57835417,127.001738,종로구,연건동,4.21,18676058
227,7812,퓨전 한마당,수제 돈까스,4000,37.5781983,127.0016959,종로구,연건동,-,-
204,8672,또순이네,된장찌개 백반,6000,37.57536753,126.9733218,종로구,적선동,4.29,17897793
33,2225,일봉,생선초밥,10000,37.57046489,126.9990785,종로구,종로4가,4.46,38009845
253,7806,왕관커피숍,국산차,2000,37.5707604,127.0023577,종로구,종로5가,-,36004238
66,8054,수원성갈비,돼지갈비,10000,37.57321826,127.0111721,종로구,창신동,4.38,34363476
77,6529,약속다방,원두커피,2000,37.57163329,127.0114007,종로구,창신동,-,-
500,9273,만족숯불갈비,삼겹살,10000,37.57295286,127.0134013,종로구,창신동,-,-
30,3887,부남돌구이,김치찌개 백반,6000,37.57179175,127.0055853,종로구,효제동,-,-
485,9274,진차돌,삼겹살,8900,37.57294113,127.003695,종로구,효제동,-,-
178,8378,코너집,된장찌개,6000,37.56420084,127.0088661,중구,광희동,4.46,12053909
532,9170,광희식당,백반,6000,37.56363666,127.0072338,중구,광희동,4.43,18057790
531,9168,우리집 맛자랑,된장찌개,6000,37.5590923,126.9858164,중구,남산동,4.41,20835269
209,8383,다동분식,된장찌개,6000,37.56683604,126.9815496,중구,다동,4.09,18001916
10,7786,한우마당,생육회(200g),33000,37.56167432,126.9788515,중구,북창동,4.15,13132772
534,9211,돈우가,생삼겹살,10000,37.56203063,126.9781681,중구,북창동,4.51,1566114302
571,9404,남도한식-정든님고운님,남도정식(점심),20000,37.56255563,126.9780718,중구,북창동,4.24,13277118
404,9464,씨티스퀘어,0,0,37.5631062,126.9752236,중구,서소문동,-,1085874481
57,7541,삼성회관,청국장,7000,37.558876,127.0153513,중구,신당동,4.22,18703031
433,9363,복지로분식,김밥,2000,37.55350366,127.0088877,중구,신당동,4.26,20831015
538,9214,형제정육식당,한우된장찌개,6000,37.56318646,127.0190758,중구,신당동,4.3,331485114
545,9212,흑돈연가,점심백반,6000,37.56424879,127.0218618,중구,신당동,4.2,1467522045
561,9401,일일구(119),점심한식뷔페(백반),6000,37.5640048,127.0107983,중구,신당동,-,35623649
374,9372,남도전통순대명가,순대국,6000,37.56469941,127.0015615,중구,오장동,-,-
36,6665,산정,김치전골(2인이상 주문 시 1인가격),8000,37.56021602,127.0031204,중구,장충동,4.44,18054957
243,8606,영자씨우동김밥,라면,4000,37.56495413,126.9896068,중구,저동,4.29,1113883660
570,9403,정원설렁탕(민속의집),선지해장국,8000,37.55913297,126.9648409,중구,중림동,-,-
379,9169,카페 베아띠,샌드위치 세트,5500,37.56150644,126.9892959,중구,충무로2가,-,-
528,9371,대청마루,생삼겹살(200g),13000,37.56122397,126.9970845,중구,필동,4.3,13154988
574,9216,장수보리밥,고기쌈밥,10000,37.56627801,127.0198582,중구,황학동,4.4,38010817
577,9215,장충동한방왕족발,미니족발(소),8000,37.56605547,127.0198235,중구,황학동,4.25,21025025
155,8571,조아루,짬뽕,6500,37.56055048,126.9844201,중구,회현동,4.05,20915644
221,8380,소달구지,청국장,6000,37.55746243,126.9788585,중구,회현동,4.35,18016099
524,9370,속초집,황태해장국,6000,37.55784216,126.9786364,중구,회현동,4.4,1316796774
569,9402,그냥밥집,숯불불백,8000,37.55734017,126.9815818,중구,회현동,4.49,18692770
579,9368,유가,짜장면,6000,37.55667189,126.9814734,중구,회현동,4.46,868705283
590,9369,진달래 시래기,오늘의밥상,9000,37.55710895,126.9814052,중구,회현동,-,-
37,7340,동춘원,짜장,3000,37.5963378,127.0978063,중랑구,망우동,-,20919368
281,8805,얼레리꼴레리,돈가스,3000,37.60568884,127.1059657,중랑구,망우동,-,-
283,8786,웰빙 콩나물,비빔밥,4000,37.59772896,127.097923,중랑구,망우동,4.42,31148514
309,8787,정가네 홍두깨 손칼국수,칼국수,3500,37.59665277,127.0989575,중랑구,망우동,4.35,20999754
318,8806,광양불고기,삼겹살 ,10000,37.60177267,127.102003,중랑구,망우동,-,31393461
670,9423,다담2900,냉면,5000,37.59626194,127.0995717,중랑구,망우동,4.26,1025687761
708,9628,오늘우리집비어,김치찌개,8000,37.59746632,127.0941603,중랑구,망우동,4.63,1710929167
187,8800,포도나무,비빔밥,4000,37.58195994,127.0936391,중랑구,면목동,-,1982928972
218,8031,화성각,자장면,3000,37.58226838,127.0907205,중랑구,면목동,4.22,18192352
294,8799,황금돼지갈비,불고기,8000,37.5880114,127.0878576,중랑구,면목동,-,-
321,8794,고향김밥,냉     면,4000,37.58938645,127.0929721,중랑구,면목동,-,34349549
328,8796,명동분식,칼국수,4500,37.57897098,127.0855798,중랑구,면목동,4.15,36004171
672,9418,동해루,짬뽕,4000,37.59002326,127.0824423,중랑구,면목동,4.21,20854313
673,9424,짜장나루,자장면,3000,37.58808099,127.0854768,중랑구,면목동,4.32,1595793805
28,7802,박리김밥,된장찌개,5000,37.61195597,127.0790364,중랑구,묵동,4.32,36004211
86,7348,와우돈까스,칼국수,5000,37.61634248,127.0801655,중랑구,묵동,4.4,1912613431
211,8036,할매김밥,김치찌개,4000,37.61180773,127.0763273,중랑구,묵동,4.12,20869689
307,8807,신 쿡(cook),돈가스,5500,37.59212628,127.0751278,중랑구,상봉동,-,-
479,9426,세븐돈가스,김치찌개,5000,37.60069704,127.1002466,중랑구,신내동,4.42,36004212
248,8069,분식나라,김치찌개,7000,37.60443355,127.0805827,중랑구,중화동,3.82,36004170
674,9428,커피앤바복길이,커피,2500,37.59915345,127.0751617,중랑구,중화동,4.82,1975480967
